month_key,fiscal_year,fiscal_month,fiscal_month_no,channel_key,channel,division,department,plan_receipts_cost,on_order_cost,open_to_buy_cost,coverage_pct,lead_time_weeks,po_placement_by,po_status
FY2026-07,2026,Aug,7,ECOM,Ecommerce,Baby,Accessories,13247.25,13247.25,0.0,1.0,14.0,2026-04-26,Committed
FY2026-08,2026,Sep,8,ECOM,Ecommerce,Baby,Accessories,6922.06,6922.06,0.0,1.0,14.0,2026-05-24,Committed
FY2026-09,2026,Oct,9,ECOM,Ecommerce,Baby,Accessories,20896.84,16905.55,3991.29,0.809,14.0,2026-06-28,Past due
FY2026-10,2026,Nov,10,ECOM,Ecommerce,Baby,Accessories,37133.72,27013.52,10120.2,0.7275,14.0,2026-07-26,Past due
FY2026-11,2026,Dec,11,ECOM,Ecommerce,Baby,Accessories,13110.82,8376.84,4733.98,0.6389,14.0,2026-08-23,Open
FY2026-12,2026,Jan,12,ECOM,Ecommerce,Baby,Accessories,0.0,0.0,0.0,,14.0,2026-09-27,Open
FY2026-07,2026,Aug,7,STORE,Retail Stores,Baby,Accessories,6410.84,6410.84,0.0,1.0,14.0,2026-04-26,Committed
FY2026-08,2026,Sep,8,STORE,Retail Stores,Baby,Accessories,4296.27,4296.27,0.0,1.0,14.0,2026-05-24,Committed
FY2026-09,2026,Oct,9,STORE,Retail Stores,Baby,Accessories,9451.6,7878.02,1573.58,0.8335,14.0,2026-06-28,Past due
FY2026-10,2026,Nov,10,STORE,Retail Stores,Baby,Accessories,14947.71,10539.44,4408.27,0.7051,14.0,2026-07-26,Past due
FY2026-11,2026,Dec,11,STORE,Retail Stores,Baby,Accessories,7153.33,5237.22,1916.11,0.7321,14.0,2026-08-23,Open
FY2026-12,2026,Jan,12,STORE,Retail Stores,Baby,Accessories,0.0,0.0,0.0,,14.0,2026-09-27,Open
FY2026-07,2026,Aug,7,WHSL,Wholesale,Baby,Accessories,0.0,0.0,0.0,,14.0,2026-04-26,Past due
FY2026-08,2026,Sep,8,WHSL,Wholesale,Baby,Accessories,7568.11,7568.11,0.0,1.0,14.0,2026-05-24,Committed
FY2026-09,2026,Oct,9,WHSL,Wholesale,Baby,Accessories,12551.28,11077.28,1474.0,0.8826,14.0,2026-06-28,Past due
FY2026-10,2026,Nov,10,WHSL,Wholesale,Baby,Accessories,1723.82,1164.04,559.78,0.6753,14.0,2026-07-26,Past due
FY2026-11,2026,Dec,11,WHSL,Wholesale,Baby,Accessories,1664.62,1094.47,570.15,0.6575,14.0,2026-08-23,Open
FY2026-12,2026,Jan,12,WHSL,Wholesale,Baby,Accessories,5295.94,3581.29,1714.65,0.6762,14.0,2026-09-27,Open
FY2026-07,2026,Aug,7,ECOM,Ecommerce,Baby,Rompers,32202.8,32202.8,0.0,1.0,14.0,2026-04-26,Committed
FY2026-08,2026,Sep,8,ECOM,Ecommerce,Baby,Rompers,25544.04,25544.04,0.0,1.0,14.0,2026-05-24,Committed
FY2026-09,2026,Oct,9,ECOM,Ecommerce,Baby,Rompers,62375.44,55887.8,6487.64,0.896,14.0,2026-06-28,Past due
FY2026-10,2026,Nov,10,ECOM,Ecommerce,Baby,Rompers,103727.76,70994.25,32733.51,0.6844,14.0,2026-07-26,Past due
FY2026-11,2026,Dec,11,ECOM,Ecommerce,Baby,Rompers,31071.75,22644.36,8427.39,0.7288,14.0,2026-08-23,Open
FY2026-12,2026,Jan,12,ECOM,Ecommerce,Baby,Rompers,0.0,0.0,0.0,,14.0,2026-09-27,Open
FY2026-07,2026,Aug,7,STORE,Retail Stores,Baby,Rompers,14317.83,14317.83,0.0,1.0,14.0,2026-04-26,Committed
FY2026-08,2026,Sep,8,STORE,Retail Stores,Baby,Rompers,9851.24,9013.5,837.74,0.915,14.0,2026-05-24,Past due
FY2026-09,2026,Oct,9,STORE,Retail Stores,Baby,Rompers,27365.09,21534.72,5830.37,0.7869,14.0,2026-06-28,Past due
FY2026-10,2026,Nov,10,STORE,Retail Stores,Baby,Rompers,47311.26,35922.35,11388.91,0.7593,14.0,2026-07-26,Past due
FY2026-11,2026,Dec,11,STORE,Retail Stores,Baby,Rompers,13786.49,9458.96,4327.53,0.6861,14.0,2026-08-23,Open
FY2026-12,2026,Jan,12,STORE,Retail Stores,Baby,Rompers,0.0,0.0,0.0,,14.0,2026-09-27,Open
FY2026-07,2026,Aug,7,WHSL,Wholesale,Baby,Rompers,1144.76,1144.76,0.0,1.0,14.0,2026-04-26,Committed
FY2026-08,2026,Sep,8,WHSL,Wholesale,Baby,Rompers,21575.21,21575.21,0.0,1.0,14.0,2026-05-24,Committed
FY2026-09,2026,Oct,9,WHSL,Wholesale,Baby,Rompers,35312.85,30610.29,4702.56,0.8668,14.0,2026-06-28,Past due
FY2026-10,2026,Nov,10,WHSL,Wholesale,Baby,Rompers,6229.12,4839.6,1389.52,0.7769,14.0,2026-07-26,Past due
FY2026-11,2026,Dec,11,WHSL,Wholesale,Baby,Rompers,3707.33,2611.98,1095.35,0.7045,14.0,2026-08-23,Open
FY2026-12,2026,Jan,12,WHSL,Wholesale,Baby,Rompers,14703.35,8233.32,6470.03,0.56,14.0,2026-09-27,Open
FY2026-07,2026,Aug,7,ECOM,Ecommerce,Baby,Sets,11258.03,11258.03,0.0,1.0,14.0,2026-04-26,Committed
FY2026-08,2026,Sep,8,ECOM,Ecommerce,Baby,Sets,8324.54,7761.24,563.3,0.9323,14.0,2026-05-24,Past due
FY2026-09,2026,Oct,9,ECOM,Ecommerce,Baby,Sets,20600.31,19042.37,1557.94,0.9244,14.0,2026-06-28,Past due
FY2026-10,2026,Nov,10,ECOM,Ecommerce,Baby,Sets,30969.26,21963.51,9005.75,0.7092,14.0,2026-07-26,Past due
FY2026-11,2026,Dec,11,ECOM,Ecommerce,Baby,Sets,19562.58,13935.72,5626.86,0.7124,14.0,2026-08-23,Open
FY2026-12,2026,Jan,12,ECOM,Ecommerce,Baby,Sets,0.0,0.0,0.0,,14.0,2026-09-27,Open
FY2026-07,2026,Aug,7,STORE,Retail Stores,Baby,Sets,6307.48,6307.48,0.0,1.0,14.0,2026-04-26,Committed
FY2026-08,2026,Sep,8,STORE,Retail Stores,Baby,Sets,4048.34,4048.34,0.0,1.0,14.0,2026-05-24,Committed
FY2026-09,2026,Oct,9,STORE,Retail Stores,Baby,Sets,9063.43,7477.4,1586.03,0.825,14.0,2026-06-28,Past due
FY2026-10,2026,Nov,10,STORE,Retail Stores,Baby,Sets,15448.67,11834.49,3614.18,0.7661,14.0,2026-07-26,Past due
FY2026-11,2026,Dec,11,STORE,Retail Stores,Baby,Sets,5105.37,3575.69,1529.68,0.7004,14.0,2026-08-23,Open
FY2026-12,2026,Jan,12,STORE,Retail Stores,Baby,Sets,0.0,0.0,0.0,,14.0,2026-09-27,Open
FY2026-07,2026,Aug,7,WHSL,Wholesale,Baby,Sets,0.0,0.0,0.0,,14.0,2026-04-26,Past due
FY2026-08,2026,Sep,8,WHSL,Wholesale,Baby,Sets,7228.9,7228.9,0.0,1.0,14.0,2026-05-24,Committed
FY2026-09,2026,Oct,9,WHSL,Wholesale,Baby,Sets,11866.77,10627.67,1239.1,0.8956,14.0,2026-06-28,Past due
FY2026-10,2026,Nov,10,WHSL,Wholesale,Baby,Sets,1938.04,1496.46,441.58,0.7722,14.0,2026-07-26,Past due
FY2026-11,2026,Dec,11,WHSL,Wholesale,Baby,Sets,1893.49,1239.8,653.69,0.6548,14.0,2026-08-23,Open
FY2026-12,2026,Jan,12,WHSL,Wholesale,Baby,Sets,4816.06,2995.29,1820.77,0.6219,14.0,2026-09-27,Open
FY2026-07,2026,Aug,7,ECOM,Ecommerce,Baby,Sleepwear,26948.36,26948.36,0.0,1.0,12.0,2026-05-10,Committed
FY2026-08,2026,Sep,8,ECOM,Ecommerce,Baby,Sleepwear,22117.59,20772.59,1345.0,0.9392,12.0,2026-06-07,Past due
FY2026-09,2026,Oct,9,ECOM,Ecommerce,Baby,Sleepwear,45082.8,40141.97,4940.83,0.8904,12.0,2026-07-12,Past due
FY2026-10,2026,Nov,10,ECOM,Ecommerce,Baby,Sleepwear,69720.39,46956.08,22764.31,0.6735,12.0,2026-08-09,Open
FY2026-11,2026,Dec,11,ECOM,Ecommerce,Baby,Sleepwear,40638.11,26089.68,14548.43,0.642,12.0,2026-09-06,Open
FY2026-12,2026,Jan,12,ECOM,Ecommerce,Baby,Sleepwear,0.0,0.0,0.0,,12.0,2026-10-11,Open
FY2026-07,2026,Aug,7,STORE,Retail Stores,Baby,Sleepwear,13258.28,13258.28,0.0,1.0,12.0,2026-05-10,Committed
FY2026-08,2026,Sep,8,STORE,Retail Stores,Baby,Sleepwear,9251.15,8957.25,293.9,0.9682,12.0,2026-06-07,Past due
FY2026-09,2026,Oct,9,STORE,Retail Stores,Baby,Sleepwear,20109.84,17402.46,2707.38,0.8654,12.0,2026-07-12,Past due
FY2026-10,2026,Nov,10,STORE,Retail Stores,Baby,Sleepwear,35079.44,27125.33,7954.11,0.7733,12.0,2026-08-09,Open
FY2026-11,2026,Dec,11,STORE,Retail Stores,Baby,Sleepwear,14972.18,9290.21,5681.97,0.6205,12.0,2026-09-06,Open
FY2026-12,2026,Jan,12,STORE,Retail Stores,Baby,Sleepwear,0.0,0.0,0.0,,12.0,2026-10-11,Open
FY2026-07,2026,Aug,7,WHSL,Wholesale,Baby,Sleepwear,307.72,307.72,0.0,1.0,12.0,2026-05-10,Committed
FY2026-08,2026,Sep,8,WHSL,Wholesale,Baby,Sleepwear,18045.3,17295.35,749.95,0.9584,12.0,2026-06-07,Past due
FY2026-09,2026,Oct,9,WHSL,Wholesale,Baby,Sleepwear,27368.37,20196.96,7171.41,0.738,12.0,2026-07-12,Past due
FY2026-10,2026,Nov,10,WHSL,Wholesale,Baby,Sleepwear,3983.3,2883.8,1099.5,0.724,12.0,2026-08-09,Open
FY2026-11,2026,Dec,11,WHSL,Wholesale,Baby,Sleepwear,3923.85,2442.37,1481.48,0.6224,12.0,2026-09-06,Open
FY2026-12,2026,Jan,12,WHSL,Wholesale,Baby,Sleepwear,11935.05,7831.97,4103.08,0.6562,12.0,2026-10-11,Open
FY2026-07,2026,Aug,7,ECOM,Ecommerce,Boys,Bottoms,30935.4,30935.4,0.0,1.0,14.0,2026-04-26,Committed
FY2026-08,2026,Sep,8,ECOM,Ecommerce,Boys,Bottoms,21146.83,20563.36,583.47,0.9724,14.0,2026-05-24,Committed
FY2026-09,2026,Oct,9,ECOM,Ecommerce,Boys,Bottoms,47178.66,39575.09,7603.57,0.8388,14.0,2026-06-28,Past due
FY2026-10,2026,Nov,10,ECOM,Ecommerce,Boys,Bottoms,76773.01,50764.27,26008.74,0.6612,14.0,2026-07-26,Past due
FY2026-11,2026,Dec,11,ECOM,Ecommerce,Boys,Bottoms,27119.45,18398.91,8720.54,0.6784,14.0,2026-08-23,Open
FY2026-12,2026,Jan,12,ECOM,Ecommerce,Boys,Bottoms,0.0,0.0,0.0,,14.0,2026-09-27,Open
FY2026-07,2026,Aug,7,STORE,Retail Stores,Boys,Bottoms,15773.82,15773.82,0.0,1.0,14.0,2026-04-26,Committed
FY2026-08,2026,Sep,8,STORE,Retail Stores,Boys,Bottoms,5368.27,5186.6,181.67,0.9662,14.0,2026-05-24,Past due
FY2026-09,2026,Oct,9,STORE,Retail Stores,Boys,Bottoms,21709.41,19442.93,2266.48,0.8956,14.0,2026-06-28,Past due
FY2026-10,2026,Nov,10,STORE,Retail Stores,Boys,Bottoms,37326.02,27897.68,9428.34,0.7474,14.0,2026-07-26,Past due
FY2026-11,2026,Dec,11,STORE,Retail Stores,Boys,Bottoms,11626.16,8114.18,3511.98,0.6979,14.0,2026-08-23,Open
FY2026-12,2026,Jan,12,STORE,Retail Stores,Boys,Bottoms,0.0,0.0,0.0,,14.0,2026-09-27,Open
FY2026-07,2026,Aug,7,WHSL,Wholesale,Boys,Bottoms,1171.89,1171.89,0.0,1.0,14.0,2026-04-26,Committed
FY2026-08,2026,Sep,8,WHSL,Wholesale,Boys,Bottoms,15877.07,15877.07,0.0,1.0,14.0,2026-05-24,Committed
FY2026-09,2026,Oct,9,WHSL,Wholesale,Boys,Bottoms,27357.57,25831.94,1525.63,0.9442,14.0,2026-06-28,Past due
FY2026-10,2026,Nov,10,WHSL,Wholesale,Boys,Bottoms,5409.08,3765.61,1643.47,0.6962,14.0,2026-07-26,Past due
FY2026-11,2026,Dec,11,WHSL,Wholesale,Boys,Bottoms,2580.53,1712.62,867.91,0.6637,14.0,2026-08-23,Open
FY2026-12,2026,Jan,12,WHSL,Wholesale,Boys,Bottoms,11194.31,7570.51,3623.8,0.6763,14.0,2026-09-27,Open
FY2026-07,2026,Aug,7,ECOM,Ecommerce,Boys,Sets,13868.9,13868.9,0.0,1.0,13.0,2026-05-03,Committed
FY2026-08,2026,Sep,8,ECOM,Ecommerce,Boys,Sets,8377.59,8377.59,0.0,1.0,13.0,2026-05-31,Committed
FY2026-09,2026,Oct,9,ECOM,Ecommerce,Boys,Sets,21322.91,20000.63,1322.28,0.938,13.0,2026-07-05,Past due
FY2026-10,2026,Nov,10,ECOM,Ecommerce,Boys,Sets,34687.65,26767.4,7920.25,0.7717,13.0,2026-08-02,Past due
FY2026-11,2026,Dec,11,ECOM,Ecommerce,Boys,Sets,12079.83,8586.22,3493.61,0.7108,13.0,2026-08-30,Open
FY2026-12,2026,Jan,12,ECOM,Ecommerce,Boys,Sets,0.0,0.0,0.0,,13.0,2026-10-04,Open
FY2026-07,2026,Aug,7,STORE,Retail Stores,Boys,Sets,5476.88,5476.88,0.0,1.0,13.0,2026-05-03,Committed
FY2026-08,2026,Sep,8,STORE,Retail Stores,Boys,Sets,3986.54,3986.54,0.0,1.0,13.0,2026-05-31,Committed
FY2026-09,2026,Oct,9,STORE,Retail Stores,Boys,Sets,9927.79,8694.64,1233.15,0.8758,13.0,2026-07-05,Past due
FY2026-10,2026,Nov,10,STORE,Retail Stores,Boys,Sets,15864.11,11153.36,4710.75,0.7031,13.0,2026-08-02,Past due
FY2026-11,2026,Dec,11,STORE,Retail Stores,Boys,Sets,5957.12,4434.98,1522.14,0.7445,13.0,2026-08-30,Open
FY2026-12,2026,Jan,12,STORE,Retail Stores,Boys,Sets,0.0,0.0,0.0,,13.0,2026-10-04,Open
FY2026-07,2026,Aug,7,WHSL,Wholesale,Boys,Sets,0.0,0.0,0.0,,13.0,2026-05-03,Past due
FY2026-08,2026,Sep,8,WHSL,Wholesale,Boys,Sets,7790.47,7790.47,0.0,1.0,13.0,2026-05-31,Committed
FY2026-09,2026,Oct,9,WHSL,Wholesale,Boys,Sets,12631.89,11000.15,1631.74,0.8708,13.0,2026-07-05,Past due
FY2026-10,2026,Nov,10,WHSL,Wholesale,Boys,Sets,2665.31,1826.02,839.29,0.6851,13.0,2026-08-02,Past due
FY2026-11,2026,Dec,11,WHSL,Wholesale,Boys,Sets,1470.43,897.57,572.86,0.6104,13.0,2026-08-30,Open
FY2026-12,2026,Jan,12,WHSL,Wholesale,Boys,Sets,5547.84,3230.55,2317.29,0.5823,13.0,2026-10-04,Open
FY2026-07,2026,Aug,7,ECOM,Ecommerce,Boys,Sleepwear,7319.6,7319.6,0.0,1.0,11.0,2026-05-17,Committed
FY2026-08,2026,Sep,8,ECOM,Ecommerce,Boys,Sleepwear,6454.24,6454.24,0.0,1.0,11.0,2026-06-14,Committed
FY2026-09,2026,Oct,9,ECOM,Ecommerce,Boys,Sleepwear,15876.95,13595.1,2281.85,0.8563,11.0,2026-07-19,Past due
FY2026-10,2026,Nov,10,ECOM,Ecommerce,Boys,Sleepwear,20842.83,16819.56,4023.27,0.807,11.0,2026-08-16,Open
FY2026-11,2026,Dec,11,ECOM,Ecommerce,Boys,Sleepwear,12341.96,7616.29,4725.67,0.6171,11.0,2026-09-13,Open
FY2026-12,2026,Jan,12,ECOM,Ecommerce,Boys,Sleepwear,0.0,0.0,0.0,,11.0,2026-10-18,Open
FY2026-07,2026,Aug,7,STORE,Retail Stores,Boys,Sleepwear,3974.14,3974.14,0.0,1.0,11.0,2026-05-17,Committed
FY2026-08,2026,Sep,8,STORE,Retail Stores,Boys,Sleepwear,1918.06,1916.11,1.95,0.999,11.0,2026-06-14,Committed
FY2026-09,2026,Oct,9,STORE,Retail Stores,Boys,Sleepwear,6504.55,6159.87,344.68,0.947,11.0,2026-07-19,Past due
FY2026-10,2026,Nov,10,STORE,Retail Stores,Boys,Sleepwear,11128.36,8549.05,2579.31,0.7682,11.0,2026-08-16,Open
FY2026-11,2026,Dec,11,STORE,Retail Stores,Boys,Sleepwear,4582.08,3173.68,1408.4,0.6926,11.0,2026-09-13,Open
FY2026-12,2026,Jan,12,STORE,Retail Stores,Boys,Sleepwear,0.0,0.0,0.0,,11.0,2026-10-18,Open
FY2026-07,2026,Aug,7,WHSL,Wholesale,Boys,Sleepwear,287.32,287.32,0.0,1.0,11.0,2026-05-17,Committed
FY2026-08,2026,Sep,8,WHSL,Wholesale,Boys,Sleepwear,5656.44,5588.91,67.53,0.9881,11.0,2026-06-14,Committed
FY2026-09,2026,Oct,9,WHSL,Wholesale,Boys,Sleepwear,7806.4,5744.16,2062.24,0.7358,11.0,2026-07-19,Past due
FY2026-10,2026,Nov,10,WHSL,Wholesale,Boys,Sleepwear,2023.26,1460.73,562.53,0.722,11.0,2026-08-16,Open
FY2026-11,2026,Dec,11,WHSL,Wholesale,Boys,Sleepwear,795.75,581.54,214.21,0.7308,11.0,2026-09-13,Open
FY2026-12,2026,Jan,12,WHSL,Wholesale,Boys,Sleepwear,3449.68,1972.21,1477.47,0.5717,11.0,2026-10-18,Open
FY2026-07,2026,Aug,7,ECOM,Ecommerce,Boys,Swim,21243.3,21243.3,0.0,1.0,14.0,2026-04-26,Committed
FY2026-08,2026,Sep,8,ECOM,Ecommerce,Boys,Swim,9492.41,9492.41,0.0,1.0,14.0,2026-05-24,Committed
FY2026-09,2026,Oct,9,ECOM,Ecommerce,Boys,Swim,29248.44,25368.97,3879.47,0.8674,14.0,2026-06-28,Past due
FY2026-10,2026,Nov,10,ECOM,Ecommerce,Boys,Swim,46224.95,35286.13,10938.82,0.7634,14.0,2026-07-26,Past due
FY2026-11,2026,Dec,11,ECOM,Ecommerce,Boys,Swim,26242.19,15960.38,10281.81,0.6082,14.0,2026-08-23,Open
FY2026-12,2026,Jan,12,ECOM,Ecommerce,Boys,Swim,0.0,0.0,0.0,,14.0,2026-09-27,Open
FY2026-07,2026,Aug,7,STORE,Retail Stores,Boys,Swim,6372.37,6372.37,0.0,1.0,14.0,2026-04-26,Committed
FY2026-08,2026,Sep,8,STORE,Retail Stores,Boys,Swim,5756.28,5756.28,0.0,1.0,14.0,2026-05-24,Committed
FY2026-09,2026,Oct,9,STORE,Retail Stores,Boys,Swim,13040.78,10397.6,2643.18,0.7973,14.0,2026-06-28,Past due
FY2026-10,2026,Nov,10,STORE,Retail Stores,Boys,Swim,21566.14,14453.82,7112.32,0.6702,14.0,2026-07-26,Past due
FY2026-11,2026,Dec,11,STORE,Retail Stores,Boys,Swim,7012.87,4399.77,2613.1,0.6274,14.0,2026-08-23,Open
FY2026-12,2026,Jan,12,STORE,Retail Stores,Boys,Swim,0.0,0.0,0.0,,14.0,2026-09-27,Open
FY2026-07,2026,Aug,7,WHSL,Wholesale,Boys,Swim,557.53,557.53,0.0,1.0,14.0,2026-04-26,Committed
FY2026-08,2026,Sep,8,WHSL,Wholesale,Boys,Swim,10897.16,10491.15,406.01,0.9627,14.0,2026-05-24,Past due
FY2026-09,2026,Oct,9,WHSL,Wholesale,Boys,Swim,16414.79,14546.63,1868.16,0.8862,14.0,2026-06-28,Past due
FY2026-10,2026,Nov,10,WHSL,Wholesale,Boys,Swim,2769.11,2196.59,572.52,0.7932,14.0,2026-07-26,Past due
FY2026-11,2026,Dec,11,WHSL,Wholesale,Boys,Swim,2455.56,1529.24,926.32,0.6228,14.0,2026-08-23,Open
FY2026-12,2026,Jan,12,WHSL,Wholesale,Boys,Swim,6726.98,4632.01,2094.97,0.6886,14.0,2026-09-27,Open
FY2026-07,2026,Aug,7,ECOM,Ecommerce,Boys,Tops,34562.2,34562.2,0.0,1.0,15.0,2026-04-19,Committed
FY2026-08,2026,Sep,8,ECOM,Ecommerce,Boys,Tops,40532.94,40532.94,0.0,1.0,15.0,2026-05-17,Committed
FY2026-09,2026,Oct,9,ECOM,Ecommerce,Boys,Tops,67438.96,62159.11,5279.85,0.9217,15.0,2026-06-21,Past due
FY2026-10,2026,Nov,10,ECOM,Ecommerce,Boys,Tops,104990.36,73345.43,31644.93,0.6986,15.0,2026-07-19,Past due
FY2026-11,2026,Dec,11,ECOM,Ecommerce,Boys,Tops,44282.81,29823.31,14459.5,0.6735,15.0,2026-08-16,Open
FY2026-12,2026,Jan,12,ECOM,Ecommerce,Boys,Tops,0.0,0.0,0.0,,15.0,2026-09-20,Open
FY2026-07,2026,Aug,7,STORE,Retail Stores,Boys,Tops,17228.47,17228.47,0.0,1.0,15.0,2026-04-19,Committed
FY2026-08,2026,Sep,8,STORE,Retail Stores,Boys,Tops,15598.78,15598.78,0.0,1.0,15.0,2026-05-17,Committed
FY2026-09,2026,Oct,9,STORE,Retail Stores,Boys,Tops,31002.63,25204.91,5797.72,0.813,15.0,2026-06-21,Past due
FY2026-10,2026,Nov,10,STORE,Retail Stores,Boys,Tops,48220.95,36833.88,11387.07,0.7639,15.0,2026-07-19,Past due
FY2026-11,2026,Dec,11,STORE,Retail Stores,Boys,Tops,19575.42,12921.78,6653.64,0.6601,15.0,2026-08-16,Open
FY2026-12,2026,Jan,12,STORE,Retail Stores,Boys,Tops,0.0,0.0,0.0,,15.0,2026-09-20,Open
FY2026-07,2026,Aug,7,WHSL,Wholesale,Boys,Tops,0.0,0.0,0.0,,15.0,2026-04-19,Past due
FY2026-08,2026,Sep,8,WHSL,Wholesale,Boys,Tops,24905.66,24905.66,0.0,1.0,15.0,2026-05-17,Committed
FY2026-09,2026,Oct,9,WHSL,Wholesale,Boys,Tops,41114.61,35550.72,5563.89,0.8647,15.0,2026-06-21,Past due
FY2026-10,2026,Nov,10,WHSL,Wholesale,Boys,Tops,6898.2,4630.36,2267.84,0.6712,15.0,2026-07-19,Past due
FY2026-11,2026,Dec,11,WHSL,Wholesale,Boys,Tops,3908.98,2562.92,1346.06,0.6556,15.0,2026-08-16,Open
FY2026-12,2026,Jan,12,WHSL,Wholesale,Boys,Tops,16346.32,9169.96,7176.36,0.561,15.0,2026-09-20,Open
FY2026-07,2026,Aug,7,ECOM,Ecommerce,Girls,Bottoms,53296.97,53296.97,0.0,1.0,16.0,2026-04-12,Committed
FY2026-08,2026,Sep,8,ECOM,Ecommerce,Girls,Bottoms,31947.09,31947.09,0.0,1.0,16.0,2026-05-10,Committed
FY2026-09,2026,Oct,9,ECOM,Ecommerce,Girls,Bottoms,84584.26,69733.04,14851.22,0.8244,16.0,2026-06-14,Past due
FY2026-10,2026,Nov,10,ECOM,Ecommerce,Girls,Bottoms,134090.08,116041.36,18048.72,0.8654,16.0,2026-07-12,Past due
FY2026-11,2026,Dec,11,ECOM,Ecommerce,Girls,Bottoms,46319.01,32767.42,13551.59,0.7074,16.0,2026-08-09,Open
FY2026-12,2026,Jan,12,ECOM,Ecommerce,Girls,Bottoms,0.0,0.0,0.0,,16.0,2026-09-13,Open
FY2026-07,2026,Aug,7,STORE,Retail Stores,Girls,Bottoms,19034.86,19034.86,0.0,1.0,16.0,2026-04-12,Committed
FY2026-08,2026,Sep,8,STORE,Retail Stores,Girls,Bottoms,15437.7,15437.7,0.0,1.0,16.0,2026-05-10,Committed
FY2026-09,2026,Oct,9,STORE,Retail Stores,Girls,Bottoms,37292.81,32971.69,4321.12,0.8841,16.0,2026-06-14,Past due
FY2026-10,2026,Nov,10,STORE,Retail Stores,Girls,Bottoms,59939.4,43690.08,16249.32,0.7289,16.0,2026-07-12,Past due
FY2026-11,2026,Dec,11,STORE,Retail Stores,Girls,Bottoms,27084.07,15370.67,11713.4,0.5675,16.0,2026-08-09,Open
FY2026-12,2026,Jan,12,STORE,Retail Stores,Girls,Bottoms,0.0,0.0,0.0,,16.0,2026-09-13,Open
FY2026-07,2026,Aug,7,WHSL,Wholesale,Girls,Bottoms,883.63,883.63,0.0,1.0,16.0,2026-04-12,Committed
FY2026-08,2026,Sep,8,WHSL,Wholesale,Girls,Bottoms,29136.72,29136.72,0.0,1.0,16.0,2026-05-10,Committed
FY2026-09,2026,Oct,9,WHSL,Wholesale,Girls,Bottoms,49001.53,43902.27,5099.26,0.8959,16.0,2026-06-14,Past due
FY2026-10,2026,Nov,10,WHSL,Wholesale,Girls,Bottoms,8155.71,6265.95,1889.76,0.7683,16.0,2026-07-12,Past due
FY2026-11,2026,Dec,11,WHSL,Wholesale,Girls,Bottoms,6345.95,3992.96,2352.99,0.6292,16.0,2026-08-09,Open
FY2026-12,2026,Jan,12,WHSL,Wholesale,Girls,Bottoms,19576.77,12018.83,7557.94,0.6139,16.0,2026-09-13,Open
FY2026-07,2026,Aug,7,ECOM,Ecommerce,Girls,Dresses,131626.38,131626.38,0.0,1.0,14.0,2026-04-26,Committed
FY2026-08,2026,Sep,8,ECOM,Ecommerce,Girls,Dresses,82811.12,80964.19,1846.93,0.9777,14.0,2026-05-24,Committed
FY2026-09,2026,Oct,9,ECOM,Ecommerce,Girls,Dresses,214523.18,193377.06,21146.12,0.9014,14.0,2026-06-28,Past due
FY2026-10,2026,Nov,10,ECOM,Ecommerce,Girls,Dresses,337761.48,300308.87,37452.61,0.8891,14.0,2026-07-26,Past due
FY2026-11,2026,Dec,11,ECOM,Ecommerce,Girls,Dresses,171833.33,98939.54,72893.79,0.5758,14.0,2026-08-23,Open
FY2026-12,2026,Jan,12,ECOM,Ecommerce,Girls,Dresses,0.0,0.0,0.0,,14.0,2026-09-27,Open
FY2026-07,2026,Aug,7,STORE,Retail Stores,Girls,Dresses,56414.93,56414.93,0.0,1.0,14.0,2026-04-26,Committed
FY2026-08,2026,Sep,8,STORE,Retail Stores,Girls,Dresses,50014.22,49321.76,692.46,0.9862,14.0,2026-05-24,Committed
FY2026-09,2026,Oct,9,STORE,Retail Stores,Girls,Dresses,100435.89,88696.09,11739.8,0.8831,14.0,2026-06-28,Past due
FY2026-10,2026,Nov,10,STORE,Retail Stores,Girls,Dresses,133741.05,101101.13,32639.92,0.7559,14.0,2026-07-26,Past due
FY2026-11,2026,Dec,11,STORE,Retail Stores,Girls,Dresses,87281.38,66190.69,21090.69,0.7584,14.0,2026-08-23,Open
FY2026-12,2026,Jan,12,STORE,Retail Stores,Girls,Dresses,0.0,0.0,0.0,,14.0,2026-09-27,Open
FY2026-07,2026,Aug,7,WHSL,Wholesale,Girls,Dresses,5837.25,5837.25,0.0,1.0,14.0,2026-04-26,Committed
FY2026-08,2026,Sep,8,WHSL,Wholesale,Girls,Dresses,78795.64,78795.64,0.0,1.0,14.0,2026-05-24,Committed
FY2026-09,2026,Oct,9,WHSL,Wholesale,Girls,Dresses,114474.48,103852.61,10621.87,0.9072,14.0,2026-06-28,Past due
FY2026-10,2026,Nov,10,WHSL,Wholesale,Girls,Dresses,30221.26,25471.61,4749.65,0.8428,14.0,2026-07-26,Past due
FY2026-11,2026,Dec,11,WHSL,Wholesale,Girls,Dresses,12619.02,8834.9,3784.12,0.7001,14.0,2026-08-23,Open
FY2026-12,2026,Jan,12,WHSL,Wholesale,Girls,Dresses,52654.13,29099.87,23554.26,0.5527,14.0,2026-09-27,Open
FY2026-07,2026,Aug,7,ECOM,Ecommerce,Girls,Outerwear,6363.14,6363.14,0.0,1.0,11.0,2026-05-17,Committed
FY2026-08,2026,Sep,8,ECOM,Ecommerce,Girls,Outerwear,5382.33,5250.35,131.98,0.9755,11.0,2026-06-14,Committed
FY2026-09,2026,Oct,9,ECOM,Ecommerce,Girls,Outerwear,12736.04,10495.65,2240.39,0.8241,11.0,2026-07-19,Past due
FY2026-10,2026,Nov,10,ECOM,Ecommerce,Girls,Outerwear,21266.66,17500.35,3766.31,0.8229,11.0,2026-08-16,Open
FY2026-11,2026,Dec,11,ECOM,Ecommerce,Girls,Outerwear,8269.24,5445.51,2823.73,0.6585,11.0,2026-09-13,Open
FY2026-12,2026,Jan,12,ECOM,Ecommerce,Girls,Outerwear,0.0,0.0,0.0,,11.0,2026-10-18,Open
FY2026-07,2026,Aug,7,STORE,Retail Stores,Girls,Outerwear,3181.63,3181.63,0.0,1.0,11.0,2026-05-17,Committed
FY2026-08,2026,Sep,8,STORE,Retail Stores,Girls,Outerwear,2226.67,2226.67,0.0,1.0,11.0,2026-06-14,Committed
FY2026-09,2026,Oct,9,STORE,Retail Stores,Girls,Outerwear,5255.9,4321.43,934.47,0.8222,11.0,2026-07-19,Past due
FY2026-10,2026,Nov,10,STORE,Retail Stores,Girls,Outerwear,9007.41,6726.07,2281.34,0.7467,11.0,2026-08-16,Open
FY2026-11,2026,Dec,11,STORE,Retail Stores,Girls,Outerwear,4121.36,2576.66,1544.7,0.6252,11.0,2026-09-13,Open
FY2026-12,2026,Jan,12,STORE,Retail Stores,Girls,Outerwear,0.0,0.0,0.0,,11.0,2026-10-18,Open
FY2026-07,2026,Aug,7,WHSL,Wholesale,Girls,Outerwear,349.99,349.99,0.0,1.0,11.0,2026-05-17,Committed
FY2026-08,2026,Sep,8,WHSL,Wholesale,Girls,Outerwear,4197.03,4076.79,120.24,0.9714,11.0,2026-06-14,Committed
FY2026-09,2026,Oct,9,WHSL,Wholesale,Girls,Outerwear,7307.61,6438.14,869.47,0.881,11.0,2026-07-19,Past due
FY2026-10,2026,Nov,10,WHSL,Wholesale,Girls,Outerwear,1289.85,924.11,365.74,0.7164,11.0,2026-08-16,Open
FY2026-11,2026,Dec,11,WHSL,Wholesale,Girls,Outerwear,751.91,509.15,242.76,0.6771,11.0,2026-09-13,Open
FY2026-12,2026,Jan,12,WHSL,Wholesale,Girls,Outerwear,2960.22,1855.49,1104.73,0.6268,11.0,2026-10-18,Open
FY2026-07,2026,Aug,7,ECOM,Ecommerce,Girls,Sets,45082.23,45082.23,0.0,1.0,13.0,2026-05-03,Committed
FY2026-08,2026,Sep,8,ECOM,Ecommerce,Girls,Sets,28671.71,27188.62,1483.09,0.9483,13.0,2026-05-31,Past due
FY2026-09,2026,Oct,9,ECOM,Ecommerce,Girls,Sets,79990.27,64178.74,15811.53,0.8023,13.0,2026-07-05,Past due
FY2026-10,2026,Nov,10,ECOM,Ecommerce,Girls,Sets,127223.39,84904.05,42319.34,0.6674,13.0,2026-08-02,Past due
FY2026-11,2026,Dec,11,ECOM,Ecommerce,Girls,Sets,58640.9,40940.15,17700.75,0.6982,13.0,2026-08-30,Open
FY2026-12,2026,Jan,12,ECOM,Ecommerce,Girls,Sets,0.0,0.0,0.0,,13.0,2026-10-04,Open
FY2026-07,2026,Aug,7,STORE,Retail Stores,Girls,Sets,19764.97,19764.97,0.0,1.0,13.0,2026-05-03,Committed
FY2026-08,2026,Sep,8,STORE,Retail Stores,Girls,Sets,11304.35,10159.84,1144.51,0.8988,13.0,2026-05-31,Past due
FY2026-09,2026,Oct,9,STORE,Retail Stores,Girls,Sets,43906.44,38858.85,5047.59,0.885,13.0,2026-07-05,Past due
FY2026-10,2026,Nov,10,STORE,Retail Stores,Girls,Sets,55696.54,44621.82,11074.72,0.8012,13.0,2026-08-02,Past due
FY2026-11,2026,Dec,11,STORE,Retail Stores,Girls,Sets,19898.61,14571.56,5327.05,0.7323,13.0,2026-08-30,Open
FY2026-12,2026,Jan,12,STORE,Retail Stores,Girls,Sets,0.0,0.0,0.0,,13.0,2026-10-04,Open
FY2026-07,2026,Aug,7,WHSL,Wholesale,Girls,Sets,0.0,0.0,0.0,,13.0,2026-05-03,Past due
FY2026-08,2026,Sep,8,WHSL,Wholesale,Girls,Sets,28069.53,27624.76,444.77,0.9842,13.0,2026-05-31,Committed
FY2026-09,2026,Oct,9,WHSL,Wholesale,Girls,Sets,49633.04,44023.09,5609.95,0.887,13.0,2026-07-05,Past due
FY2026-10,2026,Nov,10,WHSL,Wholesale,Girls,Sets,6956.82,5427.39,1529.43,0.7802,13.0,2026-08-02,Past due
FY2026-11,2026,Dec,11,WHSL,Wholesale,Girls,Sets,5840.3,3715.53,2124.77,0.6362,13.0,2026-08-30,Open
FY2026-12,2026,Jan,12,WHSL,Wholesale,Girls,Sets,18381.8,10546.85,7834.95,0.5738,13.0,2026-10-04,Open
FY2026-07,2026,Aug,7,ECOM,Ecommerce,Girls,Sleepwear,48409.09,48409.09,0.0,1.0,14.0,2026-04-26,Committed
FY2026-08,2026,Sep,8,ECOM,Ecommerce,Girls,Sleepwear,40086.96,40086.96,0.0,1.0,14.0,2026-05-24,Committed
FY2026-09,2026,Oct,9,ECOM,Ecommerce,Girls,Sleepwear,103263.12,94073.05,9190.07,0.911,14.0,2026-06-28,Past due
FY2026-10,2026,Nov,10,ECOM,Ecommerce,Girls,Sleepwear,137261.64,105742.7,31518.94,0.7704,14.0,2026-07-26,Past due
FY2026-11,2026,Dec,11,ECOM,Ecommerce,Girls,Sleepwear,75327.39,49786.94,25540.45,0.6609,14.0,2026-08-23,Open
FY2026-12,2026,Jan,12,ECOM,Ecommerce,Girls,Sleepwear,0.0,0.0,0.0,,14.0,2026-09-27,Open
FY2026-07,2026,Aug,7,STORE,Retail Stores,Girls,Sleepwear,24916.95,24916.95,0.0,1.0,14.0,2026-04-26,Committed
FY2026-08,2026,Sep,8,STORE,Retail Stores,Girls,Sleepwear,13861.49,13720.97,140.52,0.9899,14.0,2026-05-24,Committed
FY2026-09,2026,Oct,9,STORE,Retail Stores,Girls,Sleepwear,43399.8,38190.13,5209.67,0.88,14.0,2026-06-28,Past due
FY2026-10,2026,Nov,10,STORE,Retail Stores,Girls,Sleepwear,66347.67,44613.87,21733.8,0.6724,14.0,2026-07-26,Past due
FY2026-11,2026,Dec,11,STORE,Retail Stores,Girls,Sleepwear,35565.8,24498.57,11067.23,0.6888,14.0,2026-08-23,Open
FY2026-12,2026,Jan,12,STORE,Retail Stores,Girls,Sleepwear,0.0,0.0,0.0,,14.0,2026-09-27,Open
FY2026-07,2026,Aug,7,WHSL,Wholesale,Girls,Sleepwear,1557.46,1557.46,0.0,1.0,14.0,2026-04-26,Committed
FY2026-08,2026,Sep,8,WHSL,Wholesale,Girls,Sleepwear,33879.96,33879.96,0.0,1.0,14.0,2026-05-24,Committed
FY2026-09,2026,Oct,9,WHSL,Wholesale,Girls,Sleepwear,56519.76,51127.99,5391.77,0.9046,14.0,2026-06-28,Past due
FY2026-10,2026,Nov,10,WHSL,Wholesale,Girls,Sleepwear,10098.93,7535.49,2563.44,0.7462,14.0,2026-07-26,Past due
FY2026-11,2026,Dec,11,WHSL,Wholesale,Girls,Sleepwear,5513.37,3246.78,2266.59,0.5889,14.0,2026-08-23,Open
FY2026-12,2026,Jan,12,WHSL,Wholesale,Girls,Sleepwear,22950.87,12559.02,10391.85,0.5472,14.0,2026-09-27,Open
FY2026-07,2026,Aug,7,ECOM,Ecommerce,Girls,Swim,18786.56,18786.56,0.0,1.0,14.0,2026-04-26,Committed
FY2026-08,2026,Sep,8,ECOM,Ecommerce,Girls,Swim,15372.42,15372.42,0.0,1.0,14.0,2026-05-24,Committed
FY2026-09,2026,Oct,9,ECOM,Ecommerce,Girls,Swim,42491.93,36931.79,5560.14,0.8691,14.0,2026-06-28,Past due
FY2026-10,2026,Nov,10,ECOM,Ecommerce,Girls,Swim,59630.3,45224.75,14405.55,0.7584,14.0,2026-07-26,Past due
FY2026-11,2026,Dec,11,ECOM,Ecommerce,Girls,Swim,28968.56,17937.27,11031.29,0.6192,14.0,2026-08-23,Open
FY2026-12,2026,Jan,12,ECOM,Ecommerce,Girls,Swim,0.0,0.0,0.0,,14.0,2026-09-27,Open
FY2026-07,2026,Aug,7,STORE,Retail Stores,Girls,Swim,10531.73,10531.73,0.0,1.0,14.0,2026-04-26,Committed
FY2026-08,2026,Sep,8,STORE,Retail Stores,Girls,Swim,6461.77,6461.77,0.0,1.0,14.0,2026-05-24,Committed
FY2026-09,2026,Oct,9,STORE,Retail Stores,Girls,Swim,16856.09,13087.83,3768.26,0.7764,14.0,2026-06-28,Past due
FY2026-10,2026,Nov,10,STORE,Retail Stores,Girls,Swim,28413.8,23061.49,5352.31,0.8116,14.0,2026-07-26,Past due
FY2026-11,2026,Dec,11,STORE,Retail Stores,Girls,Swim,11755.58,7699.2,4056.38,0.6549,14.0,2026-08-23,Open
FY2026-12,2026,Jan,12,STORE,Retail Stores,Girls,Swim,0.0,0.0,0.0,,14.0,2026-09-27,Open
FY2026-07,2026,Aug,7,WHSL,Wholesale,Girls,Swim,114.53,114.53,0.0,1.0,14.0,2026-04-26,Committed
FY2026-08,2026,Sep,8,WHSL,Wholesale,Girls,Swim,14062.17,14062.17,0.0,1.0,14.0,2026-05-24,Committed
FY2026-09,2026,Oct,9,WHSL,Wholesale,Girls,Swim,23792.64,21089.84,2702.8,0.8864,14.0,2026-06-28,Past due
FY2026-10,2026,Nov,10,WHSL,Wholesale,Girls,Swim,3091.83,2382.5,709.33,0.7706,14.0,2026-07-26,Past due
FY2026-11,2026,Dec,11,WHSL,Wholesale,Girls,Swim,2870.99,1807.35,1063.64,0.6295,14.0,2026-08-23,Open
FY2026-12,2026,Jan,12,WHSL,Wholesale,Girls,Swim,9462.94,5317.08,4145.86,0.5619,14.0,2026-09-27,Open
FY2026-07,2026,Aug,7,ECOM,Ecommerce,Girls,Tops,75718.09,75718.09,0.0,1.0,16.0,2026-04-12,Committed
FY2026-08,2026,Sep,8,ECOM,Ecommerce,Girls,Tops,45095.39,45095.39,0.0,1.0,16.0,2026-05-10,Committed
FY2026-09,2026,Oct,9,ECOM,Ecommerce,Girls,Tops,110577.53,104593.88,5983.65,0.9459,16.0,2026-06-14,Past due
FY2026-10,2026,Nov,10,ECOM,Ecommerce,Girls,Tops,163177.58,111186.98,51990.6,0.6814,16.0,2026-07-12,Past due
FY2026-11,2026,Dec,11,ECOM,Ecommerce,Girls,Tops,57108.89,42566.4,14542.49,0.7454,16.0,2026-08-09,Open
FY2026-12,2026,Jan,12,ECOM,Ecommerce,Girls,Tops,0.0,0.0,0.0,,16.0,2026-09-13,Open
FY2026-07,2026,Aug,7,STORE,Retail Stores,Girls,Tops,28573.94,28573.94,0.0,1.0,16.0,2026-04-12,Committed
FY2026-08,2026,Sep,8,STORE,Retail Stores,Girls,Tops,20778.0,20378.68,399.32,0.9808,16.0,2026-05-10,Committed
FY2026-09,2026,Oct,9,STORE,Retail Stores,Girls,Tops,47572.68,38656.54,8916.14,0.8126,16.0,2026-06-14,Past due
FY2026-10,2026,Nov,10,STORE,Retail Stores,Girls,Tops,80927.87,60193.4,20734.47,0.7438,16.0,2026-07-12,Past due
FY2026-11,2026,Dec,11,STORE,Retail Stores,Girls,Tops,36126.76,24733.16,11393.6,0.6846,16.0,2026-08-09,Open
FY2026-12,2026,Jan,12,STORE,Retail Stores,Girls,Tops,0.0,0.0,0.0,,16.0,2026-09-13,Open
FY2026-07,2026,Aug,7,WHSL,Wholesale,Girls,Tops,0.0,0.0,0.0,,16.0,2026-04-12,Past due
FY2026-08,2026,Sep,8,WHSL,Wholesale,Girls,Tops,37200.9,35412.88,1788.02,0.9519,16.0,2026-05-10,Past due
FY2026-09,2026,Oct,9,WHSL,Wholesale,Girls,Tops,63775.22,53244.02,10531.2,0.8349,16.0,2026-06-14,Past due
FY2026-10,2026,Nov,10,WHSL,Wholesale,Girls,Tops,9860.0,6832.73,3027.27,0.693,16.0,2026-07-12,Past due
FY2026-11,2026,Dec,11,WHSL,Wholesale,Girls,Tops,7994.54,5007.02,2987.52,0.6263,16.0,2026-08-09,Open
FY2026-12,2026,Jan,12,WHSL,Wholesale,Girls,Tops,25833.81,12938.18,12895.63,0.5008,16.0,2026-09-13,Open
FY2026-07,2026,Aug,7,ECOM,Ecommerce,Women,Bottoms,11872.99,11872.99,0.0,1.0,15.0,2026-04-19,Committed
FY2026-08,2026,Sep,8,ECOM,Ecommerce,Women,Bottoms,7545.74,7545.74,0.0,1.0,15.0,2026-05-17,Committed
FY2026-09,2026,Oct,9,ECOM,Ecommerce,Women,Bottoms,19081.61,15243.96,3837.65,0.7989,15.0,2026-06-21,Past due
FY2026-10,2026,Nov,10,ECOM,Ecommerce,Women,Bottoms,27746.55,21271.73,6474.82,0.7666,15.0,2026-07-19,Past due
FY2026-11,2026,Dec,11,ECOM,Ecommerce,Women,Bottoms,15389.03,10824.01,4565.02,0.7034,15.0,2026-08-16,Open
FY2026-12,2026,Jan,12,ECOM,Ecommerce,Women,Bottoms,0.0,0.0,0.0,,15.0,2026-09-20,Open
FY2026-07,2026,Aug,7,STORE,Retail Stores,Women,Bottoms,4583.35,4583.35,0.0,1.0,15.0,2026-04-19,Committed
FY2026-08,2026,Sep,8,STORE,Retail Stores,Women,Bottoms,4002.43,4002.43,0.0,1.0,15.0,2026-05-17,Committed
FY2026-09,2026,Oct,9,STORE,Retail Stores,Women,Bottoms,7947.15,6977.8,969.35,0.878,15.0,2026-06-21,Past due
FY2026-10,2026,Nov,10,STORE,Retail Stores,Women,Bottoms,13611.08,10275.11,3335.97,0.7549,15.0,2026-07-19,Past due
FY2026-11,2026,Dec,11,STORE,Retail Stores,Women,Bottoms,4968.22,3500.16,1468.06,0.7045,15.0,2026-08-16,Open
FY2026-12,2026,Jan,12,STORE,Retail Stores,Women,Bottoms,0.0,0.0,0.0,,15.0,2026-09-20,Open
FY2026-07,2026,Aug,7,WHSL,Wholesale,Women,Bottoms,51.86,51.86,0.0,1.0,15.0,2026-04-19,Committed
FY2026-08,2026,Sep,8,WHSL,Wholesale,Women,Bottoms,6848.66,6646.73,201.93,0.9705,15.0,2026-05-17,Committed
FY2026-09,2026,Oct,9,WHSL,Wholesale,Women,Bottoms,10714.56,8469.6,2244.96,0.7905,15.0,2026-06-21,Past due
FY2026-10,2026,Nov,10,WHSL,Wholesale,Women,Bottoms,2045.78,1477.11,568.67,0.722,15.0,2026-07-19,Past due
FY2026-11,2026,Dec,11,WHSL,Wholesale,Women,Bottoms,1234.78,826.55,408.23,0.6694,15.0,2026-08-16,Open
FY2026-12,2026,Jan,12,WHSL,Wholesale,Women,Bottoms,4532.54,2513.42,2019.12,0.5545,15.0,2026-09-20,Open
FY2026-07,2026,Aug,7,ECOM,Ecommerce,Women,Dresses,12975.29,12975.29,0.0,1.0,15.0,2026-04-19,Committed
FY2026-08,2026,Sep,8,ECOM,Ecommerce,Women,Dresses,10418.9,10371.35,47.55,0.9954,15.0,2026-05-17,Committed
FY2026-09,2026,Oct,9,ECOM,Ecommerce,Women,Dresses,22947.18,19604.54,3342.64,0.8543,15.0,2026-06-21,Past due
FY2026-10,2026,Nov,10,ECOM,Ecommerce,Women,Dresses,38318.73,28970.25,9348.48,0.756,15.0,2026-07-19,Past due
FY2026-11,2026,Dec,11,ECOM,Ecommerce,Women,Dresses,13911.28,8271.24,5640.04,0.5946,15.0,2026-08-16,Open
FY2026-12,2026,Jan,12,ECOM,Ecommerce,Women,Dresses,0.0,0.0,0.0,,15.0,2026-09-20,Open
FY2026-07,2026,Aug,7,STORE,Retail Stores,Women,Dresses,6182.79,6182.79,0.0,1.0,15.0,2026-04-19,Committed
FY2026-08,2026,Sep,8,STORE,Retail Stores,Women,Dresses,3496.91,3439.22,57.69,0.9835,15.0,2026-05-17,Committed
FY2026-09,2026,Oct,9,STORE,Retail Stores,Women,Dresses,11260.88,9947.31,1313.57,0.8834,15.0,2026-06-21,Past due
FY2026-10,2026,Nov,10,STORE,Retail Stores,Women,Dresses,16626.87,12049.93,4576.94,0.7247,15.0,2026-07-19,Past due
FY2026-11,2026,Dec,11,STORE,Retail Stores,Women,Dresses,8066.08,4720.95,3345.13,0.5853,15.0,2026-08-16,Open
FY2026-12,2026,Jan,12,STORE,Retail Stores,Women,Dresses,0.0,0.0,0.0,,15.0,2026-09-20,Open
FY2026-07,2026,Aug,7,WHSL,Wholesale,Women,Dresses,330.32,330.32,0.0,1.0,15.0,2026-04-19,Committed
FY2026-08,2026,Sep,8,WHSL,Wholesale,Women,Dresses,8991.54,8834.35,157.19,0.9825,15.0,2026-05-17,Committed
FY2026-09,2026,Oct,9,WHSL,Wholesale,Women,Dresses,13086.15,12357.14,729.01,0.9443,15.0,2026-06-21,Past due
FY2026-10,2026,Nov,10,WHSL,Wholesale,Women,Dresses,2986.9,2172.32,814.58,0.7273,15.0,2026-07-19,Past due
FY2026-11,2026,Dec,11,WHSL,Wholesale,Women,Dresses,1551.29,1094.64,456.65,0.7056,15.0,2026-08-16,Open
FY2026-12,2026,Jan,12,WHSL,Wholesale,Women,Dresses,5226.46,2665.3,2561.16,0.51,15.0,2026-09-20,Open
FY2026-07,2026,Aug,7,ECOM,Ecommerce,Women,Sleepwear,8798.96,8798.96,0.0,1.0,16.0,2026-04-12,Committed
FY2026-08,2026,Sep,8,ECOM,Ecommerce,Women,Sleepwear,4475.28,4475.28,0.0,1.0,16.0,2026-05-10,Committed
FY2026-09,2026,Oct,9,ECOM,Ecommerce,Women,Sleepwear,14834.95,12750.14,2084.81,0.8595,16.0,2026-06-14,Past due
FY2026-10,2026,Nov,10,ECOM,Ecommerce,Women,Sleepwear,24088.9,20022.35,4066.55,0.8312,16.0,2026-07-12,Past due
FY2026-11,2026,Dec,11,ECOM,Ecommerce,Women,Sleepwear,9252.69,5830.28,3422.41,0.6301,16.0,2026-08-09,Open
FY2026-12,2026,Jan,12,ECOM,Ecommerce,Women,Sleepwear,0.0,0.0,0.0,,16.0,2026-09-13,Open
FY2026-07,2026,Aug,7,STORE,Retail Stores,Women,Sleepwear,3409.57,3409.57,0.0,1.0,16.0,2026-04-12,Committed
FY2026-08,2026,Sep,8,STORE,Retail Stores,Women,Sleepwear,3413.35,3413.35,0.0,1.0,16.0,2026-05-10,Committed
FY2026-09,2026,Oct,9,STORE,Retail Stores,Women,Sleepwear,6048.34,5170.78,877.56,0.8549,16.0,2026-06-14,Past due
FY2026-10,2026,Nov,10,STORE,Retail Stores,Women,Sleepwear,11583.32,8792.64,2790.68,0.7591,16.0,2026-07-12,Past due
FY2026-11,2026,Dec,11,STORE,Retail Stores,Women,Sleepwear,4428.35,3305.11,1123.24,0.7464,16.0,2026-08-09,Open
FY2026-12,2026,Jan,12,STORE,Retail Stores,Women,Sleepwear,0.0,0.0,0.0,,16.0,2026-09-13,Open
FY2026-07,2026,Aug,7,WHSL,Wholesale,Women,Sleepwear,0.0,0.0,0.0,,16.0,2026-04-12,Past due
FY2026-08,2026,Sep,8,WHSL,Wholesale,Women,Sleepwear,4999.41,4715.27,284.14,0.9432,16.0,2026-05-10,Past due
FY2026-09,2026,Oct,9,WHSL,Wholesale,Women,Sleepwear,7848.3,7183.48,664.82,0.9153,16.0,2026-06-14,Past due
FY2026-10,2026,Nov,10,WHSL,Wholesale,Women,Sleepwear,1643.36,1262.96,380.4,0.7685,16.0,2026-07-12,Past due
FY2026-11,2026,Dec,11,WHSL,Wholesale,Women,Sleepwear,1193.94,835.39,358.55,0.6997,16.0,2026-08-09,Open
FY2026-12,2026,Jan,12,WHSL,Wholesale,Women,Sleepwear,3302.08,2037.0,1265.08,0.6169,16.0,2026-09-13,Open
FY2026-07,2026,Aug,7,ECOM,Ecommerce,Women,Tops,15473.48,15473.48,0.0,1.0,13.0,2026-05-03,Committed
FY2026-08,2026,Sep,8,ECOM,Ecommerce,Women,Tops,12974.32,12974.32,0.0,1.0,13.0,2026-05-31,Committed
FY2026-09,2026,Oct,9,ECOM,Ecommerce,Women,Tops,26413.71,23550.8,2862.91,0.8916,13.0,2026-07-05,Past due
FY2026-10,2026,Nov,10,ECOM,Ecommerce,Women,Tops,46616.18,33363.7,13252.48,0.7157,13.0,2026-08-02,Past due
FY2026-11,2026,Dec,11,ECOM,Ecommerce,Women,Tops,21523.05,15007.96,6515.09,0.6973,13.0,2026-08-30,Open
FY2026-12,2026,Jan,12,ECOM,Ecommerce,Women,Tops,0.0,0.0,0.0,,13.0,2026-10-04,Open
FY2026-07,2026,Aug,7,STORE,Retail Stores,Women,Tops,7324.32,7324.32,0.0,1.0,13.0,2026-05-03,Committed
FY2026-08,2026,Sep,8,STORE,Retail Stores,Women,Tops,5239.19,5239.19,0.0,1.0,13.0,2026-05-31,Committed
FY2026-09,2026,Oct,9,STORE,Retail Stores,Women,Tops,13466.39,12021.81,1444.58,0.8927,13.0,2026-07-05,Past due
FY2026-10,2026,Nov,10,STORE,Retail Stores,Women,Tops,19827.54,14900.84,4926.7,0.7515,13.0,2026-08-02,Past due
FY2026-11,2026,Dec,11,STORE,Retail Stores,Women,Tops,7975.07,5283.11,2691.96,0.6625,13.0,2026-08-30,Open
FY2026-12,2026,Jan,12,STORE,Retail Stores,Women,Tops,0.0,0.0,0.0,,13.0,2026-10-04,Open
FY2026-07,2026,Aug,7,WHSL,Wholesale,Women,Tops,375.34,375.34,0.0,1.0,13.0,2026-05-03,Committed
FY2026-08,2026,Sep,8,WHSL,Wholesale,Women,Tops,10140.3,10140.3,0.0,1.0,13.0,2026-05-31,Committed
FY2026-09,2026,Oct,9,WHSL,Wholesale,Women,Tops,16921.48,15526.12,1395.36,0.9175,13.0,2026-07-05,Past due
FY2026-10,2026,Nov,10,WHSL,Wholesale,Women,Tops,2128.32,1646.11,482.21,0.7734,13.0,2026-08-02,Past due
FY2026-11,2026,Dec,11,WHSL,Wholesale,Women,Tops,2304.5,1557.17,747.33,0.6757,13.0,2026-08-30,Open
FY2026-12,2026,Jan,12,WHSL,Wholesale,Women,Tops,7024.61,4271.72,2752.89,0.6081,13.0,2026-10-04,Open
